{"cameraMode":{"drawMode":0,"name":"Shaded","section":"Shading Mode"},"sceneLighting":true,"audioPlay":false,"sceneViewState":{"showFog":false,"showMaterialUpdate":false,"showSkybox":false,"showFlares":false,"showImageEffects":false,"showParticleSystems":false,"showVisualEffectGraphs":true,"m_FxEnabled":true},"in2DMode":false,"pivot":{"x":3.1625123023986818,"y":1.0270793437957764,"z":32.43572235107422},"rotation":{"x":-0.07486613839864731,"y":-0.09914228320121765,"z":0.007481317035853863,"w":-0.9922311305999756},"size":40.227027893066409,"orthographic":false}